modulo	nombre	usa	modulo_usa	es_fol
FOL.Soundness0	FOL.Metamath.Soundness0.derives0_consistent	FOL.Metamath.Soundness0.derives0_soundness	FOL.Soundness0	true
FOL.Fresh0	FOL.Fresh0.cst_bound_list._f	FOL.Fresh0.cst_bound_formula	FOL.Fresh0	true
FOL.HenkinLimit0	FOL.HenkinLimit0.hidx._f	FOL.HenkinLimit0.bnd	FOL.HenkinLimit0	true
FOL.Fresh0	FOL.Fresh0.cst_bound_term._f	FOL.Fresh0.cst_bound_sym	FOL.Fresh0	true
FOL.Lindenbaum0	FOL.Lindenbaum0.derivesSet0_intro_impl	Classical.propDecidable	Init.Classical	false
FOL.Soundness0	FOL.Metamath.Soundness0.derives0_soundness	Classical.byContradiction	Init.Classical	false
FOL.SequentSound0	FOL.SequentSound0.lk0_not_empty	FOL.SequentSound0.lk0_to_derives0	FOL.SequentSound0	true
FOL.SequentSound0	FOL.SequentSound0.lk0_not_empty	FOL.Metamath.Soundness0.derives0_consistent	FOL.Soundness0	true
FOL.Lindenbaum0	FOL.Lindenbaum0.lindenbaum_step_consistent._f	FOL.Lindenbaum0.LindenbaumStep	FOL.Lindenbaum0	true
FOL.Lindenbaum0	FOL.Lindenbaum0.lindenbaum_step_consistent._f	Classical.propDecidable	Init.Classical	false
FOL.SkolemN0	FOL.SkolemN0.eval_skolemAxN	FOL.SkolemN0.skF	FOL.SkolemN0	true
FOL.SkolemN0	FOL.SkolemN0.eval_skolemAxN	FOL.SkolemN0.skF_spec	FOL.SkolemN0	true
FOL.HenkinLimit0	FOL.HenkinLimit0.hen_mono._f	FOL.HenkinLimit0.hen	FOL.HenkinLimit0	true
FOL.HenkinLimit0	FOL.HenkinLimit0.hen_mono._f	FOL.HenkinLimit0.hen_mono.match_1_1	FOL.HenkinLimit0	true
FOL.HenkinLimit0	FOL.HenkinLimit0.hen_mono._f	FOL.HenkinLimit0.hidx	FOL.HenkinLimit0	true
FOL.Canonical0	FOL.Canonical0.derives0_peirce	FOL.Canonical0.completeness₀	FOL.Canonical0	true
FOL.Canonical0	FOL.Canonical0.derives0_peirce	Classical.byCases	Init.Classical	false
FOL.SequentSound0	FOL.SequentSound0.lk0_sound	FOL.SequentSound0.lkc_sound	FOL.SequentSound0	true
FOL.Fresh0	FOL.Fresh0.cst_bound_formula	FOL.Fresh0.cst_bound_terms	FOL.Fresh0	true
FOL.Fresh0	FOL.Fresh0.cst_bound_formula	FOL.Fresh0.cst_bound_term	FOL.Fresh0	true
FOL.Canonical0	FOL.Canonical0.derives0_em	FOL.Canonical0.completeness₀	FOL.Canonical0	true
FOL.Canonical0	FOL.Canonical0.derives0_em	Classical.em	Init.Classical	false
FOL.Lindenbaum0	FOL.Lindenbaum0.LindenbaumStep.eq_1	FOL.Lindenbaum0.LindenbaumStep	FOL.Lindenbaum0	true
FOL.HenkinLimit0	FOL.HenkinLimit0.hidx_mono	FOL.HenkinLimit0.hidx	FOL.HenkinLimit0	true
FOL.HenkinLimit0	FOL.HenkinLimit0.hidx_mono	FOL.HenkinLimit0.hidx_mono._f	FOL.HenkinLimit0	true
FOL.Fresh0	FOL.Fresh0.cst_inj	FOL.Fresh0.cst_inj._f	FOL.Fresh0	true
FOL.Soundness0	FOL.Metamath.Soundness0.derives0_not_derives_negP	FOL.Metamath.Soundness0.derives0_soundness	FOL.Soundness0	true
FOL.Canonical0	FOL.Canonical0.evalTerms_canonical	FOL.Canonical0.QuotientDomain	FOL.Canonical0	true
FOL.Canonical0	FOL.Canonical0.evalTerms_canonical	FOL.Canonical0.canonicalModel	FOL.Canonical0	true
FOL.Canonical0	FOL.Canonical0.evalTerms_canonical	FOL.Canonical0.canonicalEnv	FOL.Canonical0	true
FOL.Canonical0	FOL.Canonical0.evalTerms_canonical	FOL.Canonical0.termSetoid	FOL.Canonical0	true
FOL.Canonical0	FOL.Canonical0.evalTerms_canonical	FOL.Canonical0.evalTerm_canonical._f	FOL.Canonical0	true
FOL.Canonical0	FOL.Canonical0.evalTerms_canonical	FOL.Canonical0.evalTerms_canonical._f	FOL.Canonical0	true
FOL.HenkinLimit0	FOL.HenkinLimit0.hen	FOL.HenkinLimit0.hen._f	FOL.HenkinLimit0	true
FOL.Lindenbaum0	FOL.Lindenbaum0.henkin_completion₀	FOL.HenkinLimit0.henLimit	FOL.HenkinLimit0	true
FOL.Lindenbaum0	FOL.Lindenbaum0.henkin_completion₀	FOL.Lindenbaum0.lindenbaum_lemma₀	FOL.Lindenbaum0	true
FOL.Lindenbaum0	FOL.Lindenbaum0.henkin_completion₀	FOL.HenkinLimit0.henLimit_consistent₀	FOL.HenkinLimit0	true
FOL.Lindenbaum0	FOL.Lindenbaum0.henkin_completion₀	FOL.HenkinLimit0.henLimit_witness	FOL.HenkinLimit0	true
FOL.Lindenbaum0	FOL.Lindenbaum0.henkin_completion₀	FOL.Lindenbaum0.max_cons_impl	FOL.Lindenbaum0	true
FOL.Lindenbaum0	FOL.Lindenbaum0.henkin_completion₀	FOL.HenkinLimit0.shiftTheory_sub_henLimit	FOL.HenkinLimit0	true
FOL.SkolemHerbrand0	FOL.SkolemHerbrand0.herbrand_refutation₀	FOL.SkolemHerbrand0.derives0_neg_iff_neg_skolemNF	FOL.SkolemHerbrand0	true
FOL.HenkinLimit0	FOL.HenkinLimit0.hen_consistent._f	FOL.HenkinLimit0.hen	FOL.HenkinLimit0	true
FOL.HenkinLimit0	FOL.HenkinLimit0.hen_consistent._f	FOL.Fresh0.shiftTheory_consistent₀	FOL.Fresh0	true
FOL.HenkinLimit0	FOL.HenkinLimit0.hen_consistent._f	FOL.Henkin0.henkin_step_consistent₀	FOL.Henkin0	true
FOL.HenkinLimit0	FOL.HenkinLimit0.hen_consistent._f	FOL.HenkinLimit0.hidx	FOL.HenkinLimit0	true
FOL.HenkinLimit0	FOL.HenkinLimit0.hen_consistent._f	FOL.HenkinLimit0.hen_fresh_at	FOL.HenkinLimit0	true
FOL.HenkinLimit0	FOL.HenkinLimit0.hen_consistent._f	FOL.HenkinLimit0.bnd_spec	FOL.HenkinLimit0	true
FOL.HenkinLimit0	FOL.HenkinLimit0.hen_consistent._f	FOL.HenkinLimit0.hidx_ge	FOL.HenkinLimit0	true
FOL.Enumeration	FOL.Metamath.Enumeration.natToFormula_surj	FOL.Metamath.Enumeration.formula_surj_aux	FOL.Enumeration	true
FOL.Compacity0	FOL.Compacity0.countable_infinite_of_infinite	FOL.Compacity0.infinite_model_of_large	FOL.Compacity0	true
FOL.Canonical0	FOL.Canonical0.max_cons_or	Classical.byContradiction	Init.Classical	false
FOL.Canonical0	FOL.Canonical0.max_cons_or	FOL.Lindenbaum0.derivesSet0_intro_impl	FOL.Lindenbaum0	true
FOL.Canonical0	FOL.Canonical0.max_cons_or	FOL.Lindenbaum0.max_cons_contains	FOL.Lindenbaum0	true
FOL.Fresh0	FOL.Fresh0.exists_fresh	FOL.Fresh0.cst_bound_list	FOL.Fresh0	true
FOL.Fresh0	FOL.Fresh0.exists_fresh	FOL.Fresh0.cst_bound_formula	FOL.Fresh0	true
FOL.Fresh0	FOL.Fresh0.exists_fresh	FOL.Fresh0.shiftTheory_fresh	FOL.Fresh0	true
FOL.Enumeration	FOL.Metamath.Enumeration.natToString_surj	String.toList	Init.Data.String.Basic	false
FOL.Enumeration	FOL.Metamath.Enumeration.natToString_surj	String.ofList_toList	Init.Data.String.Basic	false
FOL.Theorems.Eq	FOL.substTerms_subst_comm_succ	FOL.substTerm_subst_comm_succ._f	FOL.Theorems.Eq	true
FOL.HenkinLimit0	FOL.HenkinLimit0.hen_mono.match_1_1	FOL.HenkinLimit0.hen	FOL.HenkinLimit0	true
FOL.Canonical0	FOL.Canonical0.QuotientDomain	FOL.Canonical0.termSetoid	FOL.Canonical0	true
FOL.Canonical0	FOL.Canonical0.quotientOut	Classical.choose	Init.Classical	false
FOL.HenkinLimit0	FOL.HenkinLimit0.hen_consistent	FOL.HenkinLimit0.hen	FOL.HenkinLimit0	true
FOL.HenkinLimit0	FOL.HenkinLimit0.hen_consistent	FOL.HenkinLimit0.hen_consistent._f	FOL.HenkinLimit0	true
FOL.Lindenbaum0	FOL.Lindenbaum0.LindenbaumStep._sunfold	FOL.Lindenbaum0.LindenbaumStep	FOL.Lindenbaum0	true
FOL.Lindenbaum0	FOL.Lindenbaum0.LindenbaumStep._sunfold	Classical.propDecidable	Init.Classical	false
FOL.SkolemN0	FOL.SkolemN0.skolem_conservative_n₀	FOL.Canonical0.completeness₀	FOL.Canonical0	true
FOL.SkolemN0	FOL.SkolemN0.skolem_conservative_n₀	FOL.SkolemN0.skF	FOL.SkolemN0	true
FOL.SkolemN0	FOL.SkolemN0.skolem_conservative_n₀	FOL.SkolemN0.eval_skolemAxN	FOL.SkolemN0	true
FOL.SkolemN0	FOL.SkolemN0.skolem_conservative_n₀	FOL.Metamath.Soundness0.derives0_soundness	FOL.Soundness0	true
FOL.HenkinLimit0	FOL.HenkinLimit0.hen._sunfold	FOL.HenkinLimit0.hen	FOL.HenkinLimit0	true
FOL.HenkinLimit0	FOL.HenkinLimit0.hen._sunfold	FOL.HenkinLimit0.hidx	FOL.HenkinLimit0	true
FOL.HenkinLimit0	FOL.HenkinLimit0.hen_mono	FOL.HenkinLimit0.hen	FOL.HenkinLimit0	true
FOL.HenkinLimit0	FOL.HenkinLimit0.hen_mono	FOL.HenkinLimit0.hen_mono._f	FOL.HenkinLimit0	true
FOL.Enumeration	FOL.Metamath.Enumeration.natToTerm_surj	FOL.Metamath.Enumeration.term_surj_aux	FOL.Enumeration	true
FOL.Canonical0	FOL.Canonical0.max_cons_complete	Classical.em	Init.Classical	false
FOL.Canonical0	FOL.Canonical0.max_cons_complete	FOL.Canonical0.max_cons_neg	FOL.Canonical0	true
FOL.Tactics	_aux_FOL_Tactics___elabRules_tacticDerive_hyp_1	Lean.Elab.Tactic.Tactic	Lean.Elab.Tactic.Basic	false
FOL.Tactics	_aux_FOL_Tactics___elabRules_tacticDerive_hyp_1	Lean.Elab.Tactic.TacticM	Lean.Elab.Tactic.Basic	false
FOL.Tactics	_aux_FOL_Tactics___elabRules_tacticDerive_hyp_1	Lean.Elab.Tactic.instMonadTacticM	Lean.Elab.Tactic.Basic	false
FOL.Tactics	_aux_FOL_Tactics___elabRules_tacticDerive_hyp_1	Lean.Elab.Term.TermElabM	Lean.Elab.Term.TermElabM	false
FOL.Tactics	_aux_FOL_Tactics___elabRules_tacticDerive_hyp_1	Lean.Elab.Term.instMonadMacroAdapterTermElabM	Lean.Elab.Term.TermElabM	false
FOL.Tactics	_aux_FOL_Tactics___elabRules_tacticDerive_hyp_1	Lean.Elab.Term.instMonadTermElabM	Lean.Elab.Term.TermElabM	false
FOL.Tactics	_aux_FOL_Tactics___elabRules_tacticDerive_hyp_1	Lean.Elab.Tactic.evalTactic	Lean.Elab.Tactic.Basic	false
FOL.Tactics	_aux_FOL_Tactics___elabRules_tacticDerive_hyp_1	Lean.Elab.Tactic.getMainGoal	Lean.Elab.Tactic.Basic	false
FOL.Tactics	_aux_FOL_Tactics___elabRules_tacticDerive_hyp_1	Lean.Meta.Context	Lean.Meta.Basic	false
FOL.Tactics	_aux_FOL_Tactics___elabRules_tacticDerive_hyp_1	Lean.Meta.State	Lean.Meta.Basic	false
FOL.Tactics	_aux_FOL_Tactics___elabRules_tacticDerive_hyp_1	Lean.Core.CoreM	Lean.CoreM	false
FOL.Tactics	_aux_FOL_Tactics___elabRules_tacticDerive_hyp_1	Lean.Elab.Term.State	Lean.Elab.Term.TermElabM	false
FOL.Tactics	_aux_FOL_Tactics___elabRules_tacticDerive_hyp_1	Lean.Meta.MetaM	Lean.Meta.Basic	false
FOL.Tactics	_aux_FOL_Tactics___elabRules_tacticDerive_hyp_1	Lean.Elab.Term.Context	Lean.Elab.Term.TermElabM	false
FOL.Tactics	_aux_FOL_Tactics___elabRules_tacticDerive_hyp_1	tryMem	FOL.Tactics	true
FOL.Tactics	_aux_FOL_Tactics___elabRules_tacticDerive_hyp_1	Lean.Elab.Tactic.setGoals	Lean.Elab.Tactic.Basic	false
FOL.Tactics	_aux_FOL_Tactics___elabRules_tacticDerive_hyp_1	Lean.Elab.throwUnsupportedSyntax	Lean.Elab.Exception	false
FOL.Tactics	_aux_FOL_Tactics___elabRules_tacticDerive_hyp_1	Lean.Exception	Lean.Exception	false
FOL.Tactics	_aux_FOL_Tactics___elabRules_tacticDerive_hyp_1	Lean.instMonadExceptOfExceptionCoreM	Lean.CoreM	false
FOL.Fresh0	FOL.Fresh0.shiftTheory_fresh	FOL.Fresh0.not_occurs_shiftFormula	FOL.Fresh0	true
FOL.Lindenbaum0	FOL.Lindenbaum0.lindenbaum_limit_bound.match_1_1	FOL.Lindenbaum0.LindenbaumLimit	FOL.Lindenbaum0	true
FOL.Compacity0	FOL.Compacity0.infinite_model_of_large	FOL.Compacity0.infinite_model_of_large_fresh	FOL.Compacity0	true
FOL.Compacity0	FOL.Compacity0.infinite_model_of_large	FOL.Fresh0.shiftTheory_fresh	FOL.Fresh0	true
FOL.Compacity0	FOL.Compacity0.infinite_model_of_large	FOL.Compacity0.hasLargeModels_shift	FOL.Compacity0	true
FOL.Compacity0	FOL.Compacity0.evalTerm_updateCsts._f	FOL.Fresh0.cst_inj	FOL.Fresh0	true
FOL.Fresh0	FOL.Fresh0.cst_bound_terms	FOL.Fresh0.cst_bound_term._f	FOL.Fresh0	true
FOL.Compacity0	FOL.Compacity0.loewenheim_skolem_down	FOL.Compacity0.model_existence_countable₀	FOL.Compacity0	true
FOL.Compacity0	FOL.Compacity0.loewenheim_skolem_down	FOL.Compacity0.consistency_of_satisfiable₀	FOL.Compacity0	true
FOL.Fresh0	FOL.Fresh0.shiftTheory_consistent₀	FOL.Fresh0.derivesSet0_shift_inv	FOL.Fresh0	true
FOL.HenkinLimit0	FOL.HenkinLimit0.henLimit_finite._f	FOL.HenkinLimit0.henLimit	FOL.HenkinLimit0	true
FOL.HenkinLimit0	FOL.HenkinLimit0.henLimit_finite._f	FOL.HenkinLimit0.hen	FOL.HenkinLimit0	true
FOL.HenkinLimit0	FOL.HenkinLimit0.henLimit_finite._f	FOL.HenkinLimit0.henLimit_finite.match_1_1	FOL.HenkinLimit0	true
FOL.HenkinLimit0	FOL.HenkinLimit0.henLimit_finite._f	FOL.HenkinLimit0.hen_mono	FOL.HenkinLimit0	true
FOL.SkolemN0	FOL.SkolemN0.skolem_conservative_n_zero	FOL.SkolemN0.skolem_conservative_n₀	FOL.SkolemN0	true
FOL.SequentSound0	FOL.SequentSound0.lkc_sound	Classical.propDecidable	Init.Classical	false
FOL.SequentSound0	FOL.SequentSound0.lkc_sound	Classical.byContradiction	Init.Classical	false
FOL.HenkinLimit0	FOL.HenkinLimit0.hidx_ge_of_le	FOL.HenkinLimit0.bnd	FOL.HenkinLimit0	true
FOL.HenkinLimit0	FOL.HenkinLimit0.hidx_ge_of_le	FOL.HenkinLimit0.hidx	FOL.HenkinLimit0	true
FOL.HenkinLimit0	FOL.HenkinLimit0.hidx_ge_of_le	FOL.HenkinLimit0.hidx_ge	FOL.HenkinLimit0	true
FOL.HenkinLimit0	FOL.HenkinLimit0.hidx_ge_of_le	FOL.HenkinLimit0.hidx_mono	FOL.HenkinLimit0	true
FOL.Canonical0	FOL.Canonical0.model_existence_lemma₀	FOL.Lindenbaum0.henkin_completion₀	FOL.Lindenbaum0	true
FOL.Canonical0	FOL.Canonical0.model_existence_lemma₀	FOL.Canonical0.QuotientDomain	FOL.Canonical0	true
FOL.Canonical0	FOL.Canonical0.model_existence_lemma₀	FOL.Canonical0.canonicalModel	FOL.Canonical0	true
FOL.Canonical0	FOL.Canonical0.model_existence_lemma₀	FOL.Canonical0.canonicalEnv	FOL.Canonical0	true
FOL.Canonical0	FOL.Canonical0.model_existence_lemma₀	FOL.Canonical0.truth_lemma₀	FOL.Canonical0	true
FOL.HenkinLimit0	FOL.HenkinLimit0.bnd_spec	FOL.HenkinLimit0.bnd	FOL.HenkinLimit0	true
FOL.HenkinLimit0	FOL.HenkinLimit0.bnd_spec	Exists.choose_spec	Init.Classical	false
FOL.HenkinLimit0	FOL.HenkinLimit0.bnd_spec	FOL.Fresh0.cst_bound_formula	FOL.Fresh0	true
FOL.HenkinLimit0	FOL.HenkinLimit0.hidx	FOL.HenkinLimit0.hidx._f	FOL.HenkinLimit0	true
FOL.Fresh0	FOL.Fresh0.not_occurs_shiftFormula	FOL.Fresh0.not_occurs_shiftTerms	FOL.Fresh0	true
FOL.Fresh0	FOL.Fresh0.not_occurs_shiftFormula	FOL.Fresh0.not_occurs_shiftTerm	FOL.Fresh0	true
FOL.Inconsistencia	FOL.Inconsistencia.derives0_no_disjunction_property	FOL.Metamath.Soundness0.derives0_not_complete	FOL.Soundness0	true
FOL.HenkinLimit0	FOL.HenkinLimit0.hidx_step	FOL.HenkinLimit0.hidx	FOL.HenkinLimit0	true
FOL.HenkinLimit0	FOL.HenkinLimit0.hidx_step	FOL.HenkinLimit0.bnd	FOL.HenkinLimit0	true
FOL.Lindenbaum0	FOL.Lindenbaum0.lindenbaum_lemma₀	FOL.Lindenbaum0.LindenbaumLimit	FOL.Lindenbaum0	true
FOL.Lindenbaum0	FOL.Lindenbaum0.lindenbaum_lemma₀	FOL.Lindenbaum0.LindenbaumStep	FOL.Lindenbaum0	true
FOL.Lindenbaum0	FOL.Lindenbaum0.lindenbaum_lemma₀	FOL.Lindenbaum0.lindenbaum_limit_bound	FOL.Lindenbaum0	true
FOL.Lindenbaum0	FOL.Lindenbaum0.lindenbaum_lemma₀	FOL.Lindenbaum0.lindenbaum_step_consistent	FOL.Lindenbaum0	true
FOL.Lindenbaum0	FOL.Lindenbaum0.lindenbaum_lemma₀	FOL.Metamath.Enumeration.natToFormula_surj	FOL.Enumeration	true
FOL.Lindenbaum0	FOL.Lindenbaum0.lindenbaum_lemma₀	Classical.propDecidable	Init.Classical	false
FOL.Skolem0	FOL.Skolem0.skolem_conservative₀	FOL.Canonical0.completeness₀	FOL.Canonical0	true
FOL.Skolem0	FOL.Skolem0.skolem_conservative₀	FOL.Metamath.Soundness0.derives0_soundness	FOL.Soundness0	true
FOL.Skolem0	FOL.Skolem0.skolem_conservative₀	Classical.propDecidable	Init.Classical	false
FOL.Skolem0	FOL.Skolem0.skolem_conservative₀	Exists.choose	Init.Classical	false
FOL.Skolem0	FOL.Skolem0.skolem_conservative₀	Exists.choose_spec	Init.Classical	false
FOL.Fresh0	FOL.Fresh0.cst_bound_sym	Classical.propDecidable	Init.Classical	false
FOL.Fresh0	FOL.Fresh0.cst_bound_sym	FOL.Fresh0.cst_inj	FOL.Fresh0	true
FOL.SkolemNF0	FOL.SkolemNF0.skolem_conservative_nf₀	FOL.SkolemNF0.skolem_conservative_listF	FOL.SkolemNF0	true
FOL.HenkinLimit0	FOL.HenkinLimit0.hen_fresh_at	FOL.HenkinLimit0.hen	FOL.HenkinLimit0	true
FOL.HenkinLimit0	FOL.HenkinLimit0.hen_fresh_at	FOL.HenkinLimit0.hidx	FOL.HenkinLimit0	true
FOL.HenkinLimit0	FOL.HenkinLimit0.hen_fresh_at	FOL.HenkinLimit0.hen_fresh	FOL.HenkinLimit0	true
FOL.HenkinLimit0	FOL.HenkinLimit0.hen_fresh_at	FOL.HenkinLimit0.hidx_mono	FOL.HenkinLimit0	true
FOL.HenkinLimit0	FOL.HenkinLimit0.hen_fresh_at	FOL.HenkinLimit0.bnd_spec	FOL.HenkinLimit0	true
FOL.HenkinLimit0	FOL.HenkinLimit0.hen_fresh_at	FOL.HenkinLimit0.hidx_ge_of_le	FOL.HenkinLimit0	true
FOL.SequentSound0	FOL.SequentSound0.lk0_to_derives0	FOL.Canonical0.completeness₀	FOL.Canonical0	true
FOL.SequentSound0	FOL.SequentSound0.lk0_to_derives0	FOL.SequentSound0.lk0_sound	FOL.SequentSound0	true
FOL.Canonical0	FOL.Canonical0.derives0_complete_iff	FOL.Metamath.Soundness0.derives0_soundness	FOL.Soundness0	true
FOL.Canonical0	FOL.Canonical0.derives0_complete_iff	FOL.Canonical0.completeness₀	FOL.Canonical0	true
FOL.Canonical0	FOL.Canonical0.max_cons_forall	FOL.Lindenbaum0.max_cons_contains	FOL.Lindenbaum0	true
FOL.Canonical0	FOL.Canonical0.max_cons_forall	Classical.byContradiction	Init.Classical	false
FOL.Canonical0	FOL.Canonical0.max_cons_forall	FOL.Lindenbaum0.derivesSet0_intro_impl	FOL.Lindenbaum0	true
FOL.Fresh0	FOL.Fresh0.cst_bound_term	FOL.Fresh0.cst_bound_term._f	FOL.Fresh0	true
FOL.Compacity0	FOL.Compacity0.consistency_of_satisfiable₀	FOL.Metamath.Soundness0.derives0_soundness	FOL.Soundness0	true
FOL.Canonical0	FOL.Canonical0.termEqv_symm	FOL.Lindenbaum0.max_cons_contains	FOL.Lindenbaum0	true
FOL.Fresh0	FOL.Fresh0.cst_ne_shift	String.instOrd	Init.Data.Ord.String	false
FOL.Fresh0	FOL.Fresh0.cst_ne_shift	String.instLawfulEqOrd	Init.Data.Ord.String	false
FOL.Fresh0	FOL.Fresh0.cst_ne_shift	String.instTransOrd	Init.Data.Ord.String	false
FOL.Enumeration	FOL.Metamath.Enumeration.instEnumSymString	FOL.Metamath.Enumeration.natToString_surj	FOL.Enumeration	true
FOL.Compacity0	FOL.Compacity0.hasLargeModels_shift	FOL.Rename.invOf	FOL.Rename	true
FOL.Compacity0	FOL.Compacity0.hasLargeModels_shift	FOL.Rename.invOf_spec	FOL.Rename	true
FOL.Canonical0	FOL.Canonical0.canonicalModel	FOL.Canonical0.QuotientDomain	FOL.Canonical0	true
FOL.Canonical0	FOL.Canonical0.canonicalModel	FOL.Canonical0.termSetoid	FOL.Canonical0	true
FOL.Canonical0	FOL.Canonical0.canonicalModel	FOL.Canonical0.quotientOut	FOL.Canonical0	true
FOL.Theorems.Eq	FOL.substTerm_subst_comm_succ._f	Nat.left_eq_add._simp_1	Init.Data.Nat.Lemmas	false
FOL.Theorems.Eq	FOL.substTerm_subst_comm_succ._f	Nat.add_eq_left._simp_1	Init.Data.Nat.Lemmas	false
FOL.SkolemNF0	FOL.SkolemNF0.derives0_of_skolemNF	FOL.SkolemNF0.skolem_conservative_nf₀	FOL.SkolemNF0	true
FOL.SkolemHerbrand0	FOL.SkolemHerbrand0.herbrand_validity_ctx₀	FOL.SkolemHerbrand0.herbrand_validity₀	FOL.SkolemHerbrand0	true
FOL.Fresh0	FOL.Fresh0.derivesSet0_shift_inv	FOL.Rename.invOf	FOL.Rename	true
FOL.Fresh0	FOL.Fresh0.derivesSet0_shift_inv	FOL.Rename.invOf_spec	FOL.Rename	true
FOL.Canonical0	FOL.Canonical0.truth_lemma_lt	FOL.Canonical0.QuotientDomain	FOL.Canonical0	true
FOL.Canonical0	FOL.Canonical0.truth_lemma_lt	FOL.Canonical0.canonicalModel	FOL.Canonical0	true
FOL.Canonical0	FOL.Canonical0.truth_lemma_lt	FOL.Canonical0.canonicalEnv	FOL.Canonical0	true
FOL.Canonical0	FOL.Canonical0.truth_lemma_lt	FOL.Canonical0.termSetoid	FOL.Canonical0	true
FOL.Canonical0	FOL.Canonical0.truth_lemma_lt	FOL.Canonical0.evalTerms_canonical	FOL.Canonical0	true
FOL.Canonical0	FOL.Canonical0.truth_lemma_lt	FOL.Canonical0.termEqv_rel_congr	FOL.Canonical0	true
FOL.Canonical0	FOL.Canonical0.truth_lemma_lt	FOL.Canonical0.quotientOut	FOL.Canonical0	true
FOL.Canonical0	FOL.Canonical0.truth_lemma_lt	FOL.Canonical0.pointwiseEqv_out_mk	FOL.Canonical0	true
FOL.Canonical0	FOL.Canonical0.truth_lemma_lt	FOL.Canonical0.evalTerm_canonical	FOL.Canonical0	true
FOL.Canonical0	FOL.Canonical0.truth_lemma_lt	FOL.Canonical0.max_cons_impl_iff	FOL.Canonical0	true
FOL.Canonical0	FOL.Canonical0.truth_lemma_lt	FOL.Canonical0.max_cons_forall	FOL.Canonical0	true
FOL.Canonical0	FOL.Canonical0.truth_lemma_lt	FOL.Canonical0.max_cons_and	FOL.Canonical0	true
FOL.Canonical0	FOL.Canonical0.truth_lemma_lt	FOL.Canonical0.max_cons_or	FOL.Canonical0	true
FOL.Canonical0	FOL.Canonical0.truth_lemma_lt	FOL.Canonical0.max_cons_ex	FOL.Canonical0	true
FOL.HenkinLimit0	FOL.HenkinLimit0.henLimit_witness	FOL.HenkinLimit0.henLimit	FOL.HenkinLimit0	true
FOL.HenkinLimit0	FOL.HenkinLimit0.henLimit_witness	FOL.Metamath.Enumeration.natToFormula_surj	FOL.Enumeration	true
FOL.HenkinLimit0	FOL.HenkinLimit0.henLimit_witness	FOL.HenkinLimit0.hidx	FOL.HenkinLimit0	true
FOL.HenkinLimit0	FOL.HenkinLimit0.henLimit_witness	FOL.HenkinLimit0.hen	FOL.HenkinLimit0	true
FOL.Canonical0	FOL.Canonical0.evalTerm_canonical	FOL.Canonical0.QuotientDomain	FOL.Canonical0	true
FOL.Canonical0	FOL.Canonical0.evalTerm_canonical	FOL.Canonical0.canonicalModel	FOL.Canonical0	true
FOL.Canonical0	FOL.Canonical0.evalTerm_canonical	FOL.Canonical0.canonicalEnv	FOL.Canonical0	true
FOL.Canonical0	FOL.Canonical0.evalTerm_canonical	FOL.Canonical0.termSetoid	FOL.Canonical0	true
FOL.Canonical0	FOL.Canonical0.evalTerm_canonical	FOL.Canonical0.evalTerm_canonical._f	FOL.Canonical0	true
FOL.Canonical0	FOL.Canonical0.evalTerm_canonical	FOL.Canonical0.evalTerms_canonical._f	FOL.Canonical0	true
FOL.HenkinLimit0	FOL.HenkinLimit0.hidx_mono._f	FOL.HenkinLimit0.hidx	FOL.HenkinLimit0	true
FOL.HenkinLimit0	FOL.HenkinLimit0.hidx_mono._f	FOL.HenkinLimit0.hidx_step	FOL.HenkinLimit0	true
FOL.SkolemN0	FOL.SkolemN0.skF	Classical.propDecidable	Init.Classical	false
FOL.SkolemN0	FOL.SkolemN0.skF	Exists.choose	Init.Classical	false
FOL.Enumeration	FOL.Metamath.Enumeration.natToTerms_surj	FOL.Metamath.Enumeration.term_surj_aux	FOL.Enumeration	true
FOL.Canonical0	FOL.Canonical0.max_cons_impl_iff	FOL.Lindenbaum0.max_cons_impl	FOL.Lindenbaum0	true
FOL.Canonical0	FOL.Canonical0.max_cons_impl_iff	FOL.Lindenbaum0.max_cons_contains	FOL.Lindenbaum0	true
FOL.Canonical0	FOL.Canonical0.max_cons_impl_iff	FOL.Lindenbaum0.derivesSet0_intro_impl	FOL.Lindenbaum0	true
FOL.Canonical0	FOL.Canonical0.max_cons_impl_iff	Classical.propDecidable	Init.Classical	false
FOL.Canonical0	FOL.Canonical0.max_cons_impl_iff	Classical.byContradiction	Init.Classical	false
FOL.SkolemNF0	FOL.SkolemNF0.skolem_conservative_listF._f	FOL.Fresh0.cst_inj	FOL.Fresh0	true
FOL.SkolemNF0	FOL.SkolemNF0.skolem_conservative_listF._f	FOL.SkolemN0.skolem_conservative_n₀	FOL.SkolemN0	true
FOL.HenkinLimit0	FOL.HenkinLimit0.hen_fresh.match_1_1	FOL.HenkinLimit0.hidx	FOL.HenkinLimit0	true
FOL.HenkinLimit0	FOL.HenkinLimit0.hen_fresh.match_1_1	FOL.HenkinLimit0.hen	FOL.HenkinLimit0	true
FOL.Lindenbaum0	FOL.Lindenbaum0.LindenbaumStep	FOL.Lindenbaum0.LindenbaumStep._f	FOL.Lindenbaum0	true
FOL.Fresh0	FOL.Fresh0.cst_bound_list	FOL.Fresh0.cst_bound_list._f	FOL.Fresh0	true
FOL.Canonical0	FOL.Canonical0.evalTerm_canonical._f	FOL.Canonical0.QuotientDomain	FOL.Canonical0	true
FOL.Canonical0	FOL.Canonical0.evalTerm_canonical._f	FOL.Canonical0.canonicalModel	FOL.Canonical0	true
FOL.Canonical0	FOL.Canonical0.evalTerm_canonical._f	FOL.Canonical0.canonicalEnv	FOL.Canonical0	true
FOL.Canonical0	FOL.Canonical0.evalTerm_canonical._f	FOL.Canonical0.termSetoid	FOL.Canonical0	true
FOL.Canonical0	FOL.Canonical0.evalTerm_canonical._f	FOL.Canonical0.quotientOut	FOL.Canonical0	true
FOL.Canonical0	FOL.Canonical0.evalTerm_canonical._f	FOL.Canonical0.termEqv_func_congr	FOL.Canonical0	true
FOL.Canonical0	FOL.Canonical0.evalTerm_canonical._f	FOL.Canonical0.pointwiseEqv_out_mk	FOL.Canonical0	true
FOL.Lindenbaum0	FOL.Lindenbaum0.max_cons_contains	Classical.byContradiction	Init.Classical	false
FOL.Lindenbaum0	FOL.Lindenbaum0.max_cons_contains	FOL.Lindenbaum0.derivesSet0_intro_impl	FOL.Lindenbaum0	true
FOL.Compacity0	FOL.Compacity0.infinite_model_of_large_fresh	FOL.Compacity0.loewenheim_skolem_down	FOL.Compacity0	true
FOL.Compacity0	FOL.Compacity0.infinite_model_of_large_fresh	FOL.Compacity0.compactness	FOL.Compacity0	true
FOL.Compacity0	FOL.Compacity0.infinite_model_of_large_fresh	FOL.Compacity0.infTheory_finSat	FOL.Compacity0	true
FOL.Canonical0	FOL.Canonical0.canonicalModel.eq_1	FOL.Canonical0.QuotientDomain	FOL.Canonical0	true
FOL.Canonical0	FOL.Canonical0.canonicalModel.eq_1	FOL.Canonical0.canonicalModel	FOL.Canonical0	true
FOL.Canonical0	FOL.Canonical0.canonicalModel.eq_1	FOL.Canonical0.termSetoid	FOL.Canonical0	true
FOL.Canonical0	FOL.Canonical0.canonicalModel.eq_1	FOL.Canonical0.quotientOut	FOL.Canonical0	true
FOL.Lindenbaum0	FOL.Lindenbaum0.lindenbaum_step_consistent	FOL.Lindenbaum0.LindenbaumStep	FOL.Lindenbaum0	true
FOL.Lindenbaum0	FOL.Lindenbaum0.lindenbaum_step_consistent	FOL.Lindenbaum0.lindenbaum_step_consistent._f	FOL.Lindenbaum0	true
FOL.HenkinLimit0	FOL.HenkinLimit0.shiftTheory_sub_henLimit	FOL.HenkinLimit0.henLimit	FOL.HenkinLimit0	true
FOL.HenkinLimit0	FOL.HenkinLimit0.shiftTheory_sub_henLimit	FOL.HenkinLimit0.hen	FOL.HenkinLimit0	true
FOL.Canonical0	FOL.Canonical0.termEqv_refl	FOL.Lindenbaum0.max_cons_contains	FOL.Lindenbaum0	true
FOL.Fresh0	FOL.Fresh0.instFreshSymString	FOL.Fresh0.cst_inj	FOL.Fresh0	true
FOL.Fresh0	FOL.Fresh0.instFreshSymString	FOL.Fresh0.cst_ne_shift	FOL.Fresh0	true
FOL.Compacity0	FOL.Compacity0.compactness	FOL.Canonical0.model_existence_lemma₀	FOL.Canonical0	true
FOL.Compacity0	FOL.Compacity0.compactness	FOL.Metamath.Soundness0.derives0_soundness	FOL.Soundness0	true
FOL.Canonical0	FOL.Canonical0.max_cons_ex	FOL.Lindenbaum0.max_cons_contains	FOL.Lindenbaum0	true
FOL.Tactics	tryMem	Lean.Meta.MetaM	Lean.Meta.Basic	false
FOL.Tactics	tryMem	Lean.Meta.instInhabitedMetaM	Lean.Meta.Basic	false
FOL.Rename	FOL.Rename.invOf_spec	FOL.Rename.invOf	FOL.Rename	true
FOL.Rename	FOL.Rename.invOf_spec	Classical.propDecidable	Init.Classical	false
FOL.Rename	FOL.Rename.invOf_spec	Exists.choose	Init.Classical	false
FOL.Rename	FOL.Rename.invOf_spec	Exists.choose_spec	Init.Classical	false
FOL.Henkin0	FOL.Henkin0.henkin_step_consistent₀	Classical.propDecidable	Init.Classical	false
FOL.Compacity0	FOL.Compacity0.infTheory_finSat	FOL.Fresh0.cst_bound_list	FOL.Fresh0	true
FOL.Compacity0	FOL.Compacity0.infTheory_finSat	FOL.Compacity0.evalTerm_updateCsts	FOL.Compacity0	true
FOL.Fresh0	FOL.Fresh0.not_occurs_shiftTerms	FOL.Fresh0.not_occurs_shiftTerm._f	FOL.Fresh0	true
FOL.Canonical0	FOL.Canonical0.max_cons_and	FOL.Lindenbaum0.max_cons_contains	FOL.Lindenbaum0	true
FOL.HenkinLimit0	FOL.HenkinLimit0.hidx._sunfold	FOL.HenkinLimit0.bnd	FOL.HenkinLimit0	true
FOL.HenkinLimit0	FOL.HenkinLimit0.hidx._sunfold	FOL.HenkinLimit0.hidx	FOL.HenkinLimit0	true
FOL.Lindenbaum0	FOL.Lindenbaum0.lindenbaum_limit_bound	FOL.Lindenbaum0.LindenbaumLimit	FOL.Lindenbaum0	true
FOL.Lindenbaum0	FOL.Lindenbaum0.lindenbaum_limit_bound	FOL.Lindenbaum0.LindenbaumStep	FOL.Lindenbaum0	true
FOL.Lindenbaum0	FOL.Lindenbaum0.lindenbaum_limit_bound	FOL.Lindenbaum0.lindenbaum_limit_bound._f	FOL.Lindenbaum0	true
FOL.Canonical0	FOL.Canonical0.pointwiseEqv_symm	FOL.Canonical0.termEqv_symm	FOL.Canonical0	true
FOL.Canonical0	FOL.Canonical0.max_cons_neg	FOL.Canonical0.max_cons_impl_iff	FOL.Canonical0	true
FOL.HenkinLimit0	FOL.HenkinLimit0.hen_fresh	FOL.HenkinLimit0.hidx	FOL.HenkinLimit0	true
FOL.HenkinLimit0	FOL.HenkinLimit0.hen_fresh	FOL.HenkinLimit0.hen	FOL.HenkinLimit0	true
FOL.HenkinLimit0	FOL.HenkinLimit0.hen_fresh	FOL.HenkinLimit0.hen_fresh._f	FOL.HenkinLimit0	true
FOL.Canonical0	FOL.Canonical0.termEqv_trans	FOL.Lindenbaum0.max_cons_contains	FOL.Lindenbaum0	true
FOL.Fresh0	FOL.Fresh0.not_occurs_shiftTerm	FOL.Fresh0.not_occurs_shiftTerm._f	FOL.Fresh0	true
FOL.Fresh0	FOL.Fresh0.not_occurs_shiftTerm._f	FOL.Fresh0.cst_ne_shift	FOL.Fresh0	true
FOL.Lindenbaum0	FOL.Lindenbaum0.lindenbaum_limit_bound._f	FOL.Lindenbaum0.LindenbaumLimit	FOL.Lindenbaum0	true
FOL.Lindenbaum0	FOL.Lindenbaum0.lindenbaum_limit_bound._f	FOL.Lindenbaum0.LindenbaumStep	FOL.Lindenbaum0	true
FOL.Lindenbaum0	FOL.Lindenbaum0.lindenbaum_limit_bound._f	FOL.Lindenbaum0.lindenbaum_limit_bound.match_1_1	FOL.Lindenbaum0	true
FOL.Lindenbaum0	FOL.Lindenbaum0.lindenbaum_limit_bound._f	FOL.Lindenbaum0.lindenbaum_step_mono	FOL.Lindenbaum0	true
FOL.Canonical0	FOL.Canonical0.termSetoid	FOL.Canonical0.termSetoid._proof_1	FOL.Canonical0	true
FOL.Compacity0	FOL.Compacity0.model_existence_countable₀	FOL.Lindenbaum0.henkin_completion₀	FOL.Lindenbaum0	true
FOL.Compacity0	FOL.Compacity0.model_existence_countable₀	FOL.Canonical0.QuotientDomain	FOL.Canonical0	true
FOL.Compacity0	FOL.Compacity0.model_existence_countable₀	FOL.Canonical0.canonicalModel	FOL.Canonical0	true
FOL.Compacity0	FOL.Compacity0.model_existence_countable₀	FOL.Canonical0.canonicalEnv	FOL.Canonical0	true
FOL.Compacity0	FOL.Compacity0.model_existence_countable₀	FOL.Canonical0.termSetoid	FOL.Canonical0	true
FOL.Compacity0	FOL.Compacity0.model_existence_countable₀	FOL.Metamath.Enumeration.natToTerm_surj	FOL.Enumeration	true
FOL.Compacity0	FOL.Compacity0.model_existence_countable₀	FOL.Canonical0.truth_lemma₀	FOL.Canonical0	true
FOL.SkolemHerbrand0	FOL.SkolemHerbrand0.derives0_neg_iff_neg_skolemNF	FOL.SkolemNF0.skolem_conservative_nf₀	FOL.SkolemNF0	true
FOL.SkolemHerbrand0	FOL.SkolemHerbrand0.herbrand_validity₀	FOL.SkolemHerbrand0.herbrand_refutation₀	FOL.SkolemHerbrand0	true
FOL.SequentSound0	FOL.SequentSound0.lk0_to_derives2	FOL.SequentSound0.lk0_to_derives0	FOL.SequentSound0	true
FOL.SkolemN0	FOL.SkolemN0.skF_spec	FOL.SkolemN0.skF	FOL.SkolemN0	true
FOL.SkolemN0	FOL.SkolemN0.skF_spec	Classical.propDecidable	Init.Classical	false
FOL.SkolemN0	FOL.SkolemN0.skF_spec	Exists.choose	Init.Classical	false
FOL.SkolemN0	FOL.SkolemN0.skF_spec	Exists.choose_spec	Init.Classical	false
FOL.Skolem0	FOL.Skolem0.henkin_conservative₀	FOL.Skolem0.skolem_conservative₀	FOL.Skolem0	true
FOL.Canonical0	FOL.Canonical0.completeness₀	Classical.byContradiction	Init.Classical	false
FOL.Canonical0	FOL.Canonical0.completeness₀	FOL.Lindenbaum0.derivesSet0_intro_impl	FOL.Lindenbaum0	true
FOL.Canonical0	FOL.Canonical0.completeness₀	FOL.Canonical0.model_existence_lemma₀	FOL.Canonical0	true
FOL.Canonical0	FOL.Canonical0.pointwiseEqv_out_mk	FOL.Canonical0.termSetoid	FOL.Canonical0	true
FOL.Canonical0	FOL.Canonical0.pointwiseEqv_out_mk	FOL.Canonical0.quotientOut	FOL.Canonical0	true
FOL.Canonical0	FOL.Canonical0.pointwiseEqv_out_mk	FOL.Canonical0.quotientOut_eq	FOL.Canonical0	true
FOL.SkolemNF0	FOL.SkolemNF0.skolem_conservative_listF	FOL.SkolemNF0.skolem_conservative_listF._f	FOL.SkolemNF0	true
FOL.Enumeration	FOL.Metamath.Enumeration.term_surj_aux	FOL.Metamath.Enumeration.natToString_surj	FOL.Enumeration	true
FOL.Canonical0	FOL.Canonical0.truth_lemma₀	FOL.Canonical0.QuotientDomain	FOL.Canonical0	true
FOL.Canonical0	FOL.Canonical0.truth_lemma₀	FOL.Canonical0.canonicalModel	FOL.Canonical0	true
FOL.Canonical0	FOL.Canonical0.truth_lemma₀	FOL.Canonical0.canonicalEnv	FOL.Canonical0	true
FOL.Canonical0	FOL.Canonical0.truth_lemma₀	FOL.Canonical0.truth_lemma_lt	FOL.Canonical0	true
FOL.Canonical0	FOL.Canonical0.quotientOut_eq	FOL.Canonical0.quotientOut	FOL.Canonical0	true
FOL.Canonical0	FOL.Canonical0.quotientOut_eq	Classical.choose_spec	Init.Classical	false
FOL.HenkinLimit0	FOL.HenkinLimit0.hidx_ge	FOL.HenkinLimit0.bnd	FOL.HenkinLimit0	true
FOL.HenkinLimit0	FOL.HenkinLimit0.hidx_ge	FOL.HenkinLimit0.hidx	FOL.HenkinLimit0	true
FOL.Rename	FOL.Rename.derives0_rename_conservative	FOL.Rename.invOf	FOL.Rename	true
FOL.Rename	FOL.Rename.derives0_rename_conservative	FOL.Rename.invOf_spec	FOL.Rename	true
FOL.Rename	FOL.Rename.invOf	Classical.propDecidable	Init.Classical	false
FOL.Rename	FOL.Rename.invOf	Exists.choose	Init.Classical	false
FOL.Fresh0	FOL.Fresh0.cst_zero_ne	String.instOrd	Init.Data.Ord.String	false
FOL.Fresh0	FOL.Fresh0.cst_zero_ne	String.instLawfulEqOrd	Init.Data.Ord.String	false
FOL.Fresh0	FOL.Fresh0.cst_zero_ne	String.instTransOrd	Init.Data.Ord.String	false
FOL.Soundness0	FOL.Metamath.Soundness0.derives0_not_complete	FOL.Metamath.Soundness0.derives0_not_derives_P	FOL.Soundness0	true
FOL.Soundness0	FOL.Metamath.Soundness0.derives0_not_complete	FOL.Metamath.Soundness0.derives0_not_derives_negP	FOL.Soundness0	true
FOL.Lindenbaum0	FOL.Lindenbaum0.max_cons_impl	FOL.Lindenbaum0.max_cons_contains	FOL.Lindenbaum0	true
FOL.Lindenbaum0	FOL.Lindenbaum0.LindenbaumStep._f	Classical.propDecidable	Init.Classical	false
FOL.HenkinLimit0	FOL.HenkinLimit0.henLimit_finite.match_1_1	FOL.HenkinLimit0.henLimit	FOL.HenkinLimit0	true
FOL.Lindenbaum0	FOL.Lindenbaum0.LindenbaumLimit	FOL.Lindenbaum0.LindenbaumStep	FOL.Lindenbaum0	true
FOL.HenkinLimit0	FOL.HenkinLimit0.henLimit	FOL.HenkinLimit0.hen	FOL.HenkinLimit0	true
FOL.Lindenbaum0	FOL.Lindenbaum0.lindenbaum_step_subset	FOL.Lindenbaum0.LindenbaumStep	FOL.Lindenbaum0	true
FOL.Lindenbaum0	FOL.Lindenbaum0.lindenbaum_step_subset	Classical.propDecidable	Init.Classical	false
FOL.Soundness0	FOL.Metamath.Soundness0.derives0_not_derives_P	FOL.Metamath.Soundness0.derives0_soundness	FOL.Soundness0	true
FOL.Canonical0	FOL.Canonical0.termEqv_rel_congr	FOL.Lindenbaum0.max_cons_contains	FOL.Lindenbaum0	true
FOL.Canonical0	FOL.Canonical0.termEqv_rel_congr	FOL.Canonical0.pointwiseEqv_symm	FOL.Canonical0	true
FOL.Theorems.Eq	FOL.substTerm_subst_comm_succ	FOL.substTerm_subst_comm_succ._f	FOL.Theorems.Eq	true
FOL.Lindenbaum0	FOL.Lindenbaum0.lindenbaum_step_mono	FOL.Lindenbaum0.LindenbaumStep	FOL.Lindenbaum0	true
FOL.Lindenbaum0	FOL.Lindenbaum0.lindenbaum_step_mono	FOL.Lindenbaum0.lindenbaum_step_subset	FOL.Lindenbaum0	true
FOL.Tactics	tryMem._unsafe_rec	Lean.Meta.MetaM	Lean.Meta.Basic	false
FOL.Tactics	tryMem._unsafe_rec	Lean.Exception	Lean.Exception	false
FOL.Tactics	tryMem._unsafe_rec	Lean.MonadError.toMonadExceptOf	Lean.Exception	false
FOL.Tactics	tryMem._unsafe_rec	Lean.MonadError.mk	Lean.Exception	false
FOL.Tactics	tryMem._unsafe_rec	Lean.Meta.Context	Lean.Meta.Basic	false
FOL.Tactics	tryMem._unsafe_rec	Lean.Meta.State	Lean.Meta.Basic	false
FOL.Tactics	tryMem._unsafe_rec	Lean.Core.CoreM	Lean.CoreM	false
FOL.Tactics	tryMem._unsafe_rec	Lean.instMonadExceptOfExceptionCoreM	Lean.CoreM	false
FOL.Tactics	tryMem._unsafe_rec	Lean.Core.instMonadQuotationCoreM	Lean.CoreM	false
FOL.Tactics	tryMem._unsafe_rec	Lean.instAddErrorMessageContextOfAddMessageContextOfMonad	Lean.Exception	false
FOL.Tactics	tryMem._unsafe_rec	Lean.Meta.instAddMessageContextMetaM	Lean.Meta.Basic	false
FOL.Tactics	tryMem._unsafe_rec	Lean.Meta.instMonadMetaM	Lean.Meta.Basic	false
FOL.Tactics	tryMem._unsafe_rec	Lean.Meta.mkConstWithFreshMVarLevels	Lean.Meta.Basic	false
FOL.Tactics	tryMem._unsafe_rec	Lean.MVarId.apply	Lean.Meta.Tactic.Apply	false
FOL.Tactics	tryMem._unsafe_rec	Lean.MessageData	Lean.Message	false
FOL.Tactics	tryMem._unsafe_rec	Lean.Core.instMonadCoreM	Lean.CoreM	false
FOL.Tactics	tryMem._unsafe_rec	tryMem._unsafe_rec	FOL.Tactics	true
FOL.Tactics	tryMem._unsafe_rec	Lean.throwError	Lean.Exception	false
FOL.Tactics	tryMem._unsafe_rec	Lean.ToMessageData.toMessageData	Lean.Message	false
FOL.Tactics	tryMem._unsafe_rec	Lean.instToMessageDataString	Lean.Message	false
FOL.HenkinLimit0	FOL.HenkinLimit0.bnd	Exists.choose	Init.Classical	false
FOL.HenkinLimit0	FOL.HenkinLimit0.bnd	FOL.Fresh0.cst_bound_formula	FOL.Fresh0	true
FOL.Lindenbaum0	FOL.Lindenbaum0.LindenbaumStep.eq_2	FOL.Lindenbaum0.LindenbaumStep	FOL.Lindenbaum0	true
FOL.Lindenbaum0	FOL.Lindenbaum0.LindenbaumStep.eq_2	Classical.propDecidable	Init.Classical	false
FOL.Enumeration	FOL.Metamath.Enumeration.formula_surj_aux	FOL.Metamath.Enumeration.natToString_surj	FOL.Enumeration	true
FOL.Enumeration	FOL.Metamath.Enumeration.formula_surj_aux	FOL.Metamath.Enumeration.natToTerms_surj	FOL.Enumeration	true
FOL.Enumeration	FOL.Metamath.Enumeration.formula_surj_aux	FOL.Metamath.Enumeration.natToTerm_surj	FOL.Enumeration	true
FOL.Lindenbaum0	FOL.Lindenbaum0.LindenbaumStep.eq_def	FOL.Lindenbaum0.LindenbaumStep	FOL.Lindenbaum0	true
FOL.Lindenbaum0	FOL.Lindenbaum0.LindenbaumStep.eq_def	Classical.propDecidable	Init.Classical	false
FOL.Lindenbaum0	FOL.Lindenbaum0.LindenbaumStep.eq_def	FOL.Lindenbaum0.LindenbaumStep._f	FOL.Lindenbaum0	true
FOL.Canonical0	FOL.Canonical0.termSetoid._proof_1	FOL.Canonical0.termEqv_refl	FOL.Canonical0	true
FOL.Canonical0	FOL.Canonical0.termSetoid._proof_1	FOL.Canonical0.termEqv_symm	FOL.Canonical0	true
FOL.Canonical0	FOL.Canonical0.termSetoid._proof_1	FOL.Canonical0.termEqv_trans	FOL.Canonical0	true
FOL.Compacity0	FOL.Compacity0.model_existence_iff₀	FOL.Canonical0.model_existence_lemma₀	FOL.Canonical0	true
FOL.Compacity0	FOL.Compacity0.model_existence_iff₀	FOL.Compacity0.consistency_of_satisfiable₀	FOL.Compacity0	true
FOL.Canonical0	FOL.Canonical0.termEqv_func_congr	FOL.Canonical0.termEqv_refl	FOL.Canonical0	true
FOL.Canonical0	FOL.Canonical0.termEqv_func_congr	FOL.Lindenbaum0.max_cons_contains	FOL.Lindenbaum0	true
FOL.Canonical0	FOL.Canonical0.termEqv_func_congr	FOL.Canonical0.termEqv_trans	FOL.Canonical0	true
FOL.Canonical0	FOL.Canonical0.canonicalEnv	FOL.Canonical0.QuotientDomain	FOL.Canonical0	true
FOL.Canonical0	FOL.Canonical0.canonicalEnv	FOL.Canonical0.termSetoid	FOL.Canonical0	true
FOL.HenkinLimit0	FOL.HenkinLimit0.hen_fresh._f	FOL.HenkinLimit0.hidx	FOL.HenkinLimit0	true
FOL.HenkinLimit0	FOL.HenkinLimit0.hen_fresh._f	FOL.HenkinLimit0.hen	FOL.HenkinLimit0	true
FOL.HenkinLimit0	FOL.HenkinLimit0.hen_fresh._f	FOL.HenkinLimit0.hen_fresh.match_1_1	FOL.HenkinLimit0	true
FOL.HenkinLimit0	FOL.HenkinLimit0.hen_fresh._f	FOL.Fresh0.shiftTheory_fresh	FOL.Fresh0	true
FOL.HenkinLimit0	FOL.HenkinLimit0.hen_fresh._f	FOL.Fresh0.cst_inj	FOL.Fresh0	true
FOL.HenkinLimit0	FOL.HenkinLimit0.henLimit_consistent₀	FOL.HenkinLimit0.henLimit	FOL.HenkinLimit0	true
FOL.HenkinLimit0	FOL.HenkinLimit0.henLimit_consistent₀	FOL.HenkinLimit0.hen	FOL.HenkinLimit0	true
FOL.HenkinLimit0	FOL.HenkinLimit0.henLimit_consistent₀	FOL.HenkinLimit0.henLimit_finite	FOL.HenkinLimit0	true
FOL.HenkinLimit0	FOL.HenkinLimit0.henLimit_consistent₀	FOL.HenkinLimit0.hen_consistent	FOL.HenkinLimit0	true
FOL.HenkinLimit0	FOL.HenkinLimit0.hen._f	FOL.HenkinLimit0.hidx	FOL.HenkinLimit0	true
FOL.HenkinLimit0	FOL.HenkinLimit0.henLimit_finite	FOL.HenkinLimit0.henLimit	FOL.HenkinLimit0	true
FOL.HenkinLimit0	FOL.HenkinLimit0.henLimit_finite	FOL.HenkinLimit0.hen	FOL.HenkinLimit0	true
FOL.HenkinLimit0	FOL.HenkinLimit0.henLimit_finite	FOL.HenkinLimit0.henLimit_finite._f	FOL.HenkinLimit0	true
FOL.Fresh0	FOL.Fresh0.cst_inj._f	FOL.Fresh0.cst_zero_ne	FOL.Fresh0	true
FOL.Canonical0	FOL.Canonical0.evalTerms_canonical._f	FOL.Canonical0.QuotientDomain	FOL.Canonical0	true
FOL.Canonical0	FOL.Canonical0.evalTerms_canonical._f	FOL.Canonical0.canonicalModel	FOL.Canonical0	true
FOL.Canonical0	FOL.Canonical0.evalTerms_canonical._f	FOL.Canonical0.canonicalEnv	FOL.Canonical0	true
FOL.Canonical0	FOL.Canonical0.evalTerms_canonical._f	FOL.Canonical0.termSetoid	FOL.Canonical0	true
FOL.Compacity0	FOL.Compacity0.evalTerm_updateCsts	FOL.Compacity0.evalTerm_updateCsts._f	FOL.Compacity0	true
FOL.Theorems.Eq	FOL.subst_subst_comm_succ	FOL.substTerms_subst_comm_succ	FOL.Theorems.Eq	true
FOL.Theorems.Eq	FOL.subst_subst_comm_succ	FOL.substTerm_subst_comm_succ	FOL.Theorems.Eq	true
